<?xml version="1.0" encoding="UTF-8"?>
<GenRun Id="impl_1" LaunchPart="xc7a100tcsg324-1" LaunchTime="1547848786">
  <File Type="PWROPT-DRC" Name="controlador_drc_pwropted.rpt"/>
  <File Type="OPT-METHODOLOGY-DRC" Name="controlador_methodology_drc_opted.rpt"/>
  <File Type="INIT-TIMING" Name="controlador_timing_summary_init.rpt"/>
  <File Type="ROUTE-PWR-RPX" Name="controlador_power_routed.rpx"/>
  <File Type="PA-TCL" Name="controlador.tcl"/>
  <File Type="OPT-HWDEF" Name="controlador.hwdef"/>
  <File Type="RDI-RDI" Name="controlador.vdi"/>
  <File Type="OPT-DCP" Name="controlador_opt.dcp"/>
  <File Type="OPT-DRC" Name="controlador_drc_opted.rpt"/>
  <File Type="OPT-TIMING" Name="controlador_timing_summary_opted.rpt"/>
  <File Type="PWROPT-DCP" Name="controlador_pwropt.dcp"/>
  <File Type="PWROPT-TIMING" Name="controlador_timing_summary_pwropted.rpt"/>
  <File Type="PLACE-DCP" Name="controlador_placed.dcp"/>
  <File Type="PLACE-IO" Name="controlador_io_placed.rpt"/>
  <File Type="PLACE-CLK" Name="controlador_clock_utilization_placed.rpt"/>
  <File Type="PLACE-UTIL" Name="controlador_utilization_placed.rpt"/>
  <File Type="PLACE-UTIL-PB" Name="controlador_utilization_placed.pb"/>
  <File Type="PLACE-CTRL" Name="controlador_control_sets_placed.rpt"/>
  <File Type="PLACE-SIMILARITY" Name="controlador_incremental_reuse_placed.rpt"/>
  <File Type="PLACE-PRE-SIMILARITY" Name="controlador_incremental_reuse_pre_placed.rpt"/>
  <File Type="PLACE-TIMING" Name="controlador_timing_summary_placed.rpt"/>
  <File Type="POSTPLACE-PWROPT-DCP" Name="controlador_postplace_pwropt.dcp"/>
  <File Type="POSTPLACE-PWROPT-TIMING" Name="controlador_timing_summary_postplace_pwropted.rpt"/>
  <File Type="PHYSOPT-DCP" Name="controlador_physopt.dcp"/>
  <File Type="PHYSOPT-DRC" Name="controlador_drc_physopted.rpt"/>
  <File Type="PHYSOPT-TIMING" Name="controlador_timing_summary_physopted.rpt"/>
  <File Type="ROUTE-ERROR-DCP" Name="controlador_routed_error.dcp"/>
  <File Type="ROUTE-DCP" Name="controlador_routed.dcp"/>
  <File Type="ROUTE-BLACKBOX-DCP" Name="controlador_routed_bb.dcp"/>
  <File Type="ROUTE-DRC" Name="controlador_drc_routed.rpt"/>
  <File Type="ROUTE-DRC-PB" Name="controlador_drc_routed.pb"/>
  <File Type="BG-BIN" Name="controlador.bin"/>
  <File Type="ROUTE-DRC-RPX" Name="controlador_drc_routed.rpx"/>
  <File Type="BG-DRC" Name="controlador.drc"/>
  <File Type="ROUTE-METHODOLOGY-DRC" Name="controlador_methodology_drc_routed.rpt"/>
  <File Type="BITSTR-MSK" Name="controlador.msk"/>
  <File Type="ROUTE-METHODOLOGY-DRC-RPX" Name="controlador_methodology_drc_routed.rpx"/>
  <File Type="BG-BGN" Name="controlador.bgn"/>
  <File Type="ROUTE-METHODOLOGY-DRC-PB" Name="controlador_methodology_drc_routed.pb"/>
  <File Type="ROUTE-PWR" Name="controlador_power_routed.rpt"/>
  <File Type="ROUTE-PWR-SUM" Name="controlador_power_summary_routed.pb"/>
  <File Type="ROUTE-STATUS" Name="controlador_route_status.rpt"/>
  <File Type="ROUTE-STATUS-PB" Name="controlador_route_status.pb"/>
  <File Type="ROUTE-TIMINGSUMMARY" Name="controlador_timing_summary_routed.rpt"/>
  <File Type="ROUTE-TIMING-PB" Name="controlador_timing_summary_routed.pb"/>
  <File Type="ROUTE-TIMING-RPX" Name="controlador_timing_summary_routed.rpx"/>
  <File Type="ROUTE-SIMILARITY" Name="controlador_incremental_reuse_routed.rpt"/>
  <File Type="ROUTE-CLK" Name="controlador_clock_utilization_routed.rpt"/>
  <File Type="POSTROUTE-PHYSOPT-DCP" Name="controlador_postroute_physopt.dcp"/>
  <File Type="POSTROUTE-PHYSOPT-BLACKBOX-DCP" Name="controlador_postroute_physopt_bb.dcp"/>
  <File Type="POSTROUTE-PHYSOPT-TIMING" Name="controlador_timing_summary_postroute_physopted.rpt"/>
  <File Type="POSTROUTE-PHYSOPT-TIMING-PB" Name="controlador_timing_summary_postroute_physopted.pb"/>
  <File Type="POSTROUTE-PHYSOPT-TIMING-RPX" Name="controlador_timing_summary_postroute_physopted.rpx"/>
  <File Type="BG-BIT" Name="controlador.bit"/>
  <File Type="BITSTR-RBT" Name="controlador.rbt"/>
  <File Type="BITSTR-NKY" Name="controlador.nky"/>
  <File Type="BITSTR-BMM" Name="controlador_bd.bmm"/>
  <File Type="BITSTR-MMI" Name="controlador.mmi"/>
  <File Type="BITSTR-SYSDEF" Name="controlador.sysdef"/>
  <File Type="WBT-USG" Name="usage_statistics_webtalk.html"/>
  <FileSet Name="sources" Type="DesignSrcs" RelSrcDir="$PSRCDIR/sources_1">
    <Filter Type="Srcs"/>
    <File Path="$PSRCDIR/sources_1/ip/clk_12_Meg/clk_12_Meg.xci">
      <FileInfo>
        <Attr Name="UsedIn" Val="synthesis"/>
        <Attr Name="UsedIn" Val="implementation"/>
        <Attr Name="UsedIn" Val="simulation"/>
      </FileInfo>
    </File>
    <File Path="$PSRCDIR/sources_1/new/package_dsed.vhd">
      <FileInfo SFType="VHDL2008">
        <Attr Name="UsedIn" Val="synthesis"/>
        <Attr Name="UsedIn" Val="simulation"/>
      </FileInfo>
    </File>
    <File Path="$PSRCDIR/sources_1/new/FIR_Controller.vhd">
      <FileInfo>
        <Attr Name="UsedIn" Val="synthesis"/>
        <Attr Name="UsedIn" Val="simulation"/>
      </FileInfo>
    </File>
    <File Path="$PSRCDIR/sources_1/new/FIR_DataPath.vhd">
      <FileInfo>
        <Attr Name="UsedIn" Val="synthesis"/>
        <Attr Name="UsedIn" Val="simulation"/>
      </FileInfo>
    </File>
    <File Path="$PSRCDIR/sources_1/new/FSMD_microphone.vhd">
      <FileInfo>
        <Attr Name="UsedIn" Val="synthesis"/>
        <Attr Name="UsedIn" Val="simulation"/>
      </FileInfo>
    </File>
    <File Path="$PSRCDIR/sources_1/new/PWM.vhd">
      <FileInfo>
        <Attr Name="UsedIn" Val="synthesis"/>
        <Attr Name="UsedIn" Val="simulation"/>
      </FileInfo>
    </File>
    <File Path="$PSRCDIR/sources_1/new/REG.vhd">
      <FileInfo>
        <Attr Name="UsedIn" Val="synthesis"/>
        <Attr Name="UsedIn" Val="simulation"/>
      </FileInfo>
    </File>
    <File Path="$PSRCDIR/sources_1/new/RGB_controller.vhd">
      <FileInfo>
        <Attr Name="UsedIn" Val="synthesis"/>
        <Attr Name="UsedIn" Val="simulation"/>
      </FileInfo>
    </File>
    <File Path="$PSRCDIR/sources_1/new/Seconds2segments.vhd">
      <FileInfo>
        <Attr Name="UsedIn" Val="synthesis"/>
        <Attr Name="UsedIn" Val="simulation"/>
      </FileInfo>
    </File>
    <File Path="$PSRCDIR/sources_1/new/audio_interface.vhd">
      <FileInfo>
        <Attr Name="UsedIn" Val="synthesis"/>
        <Attr Name="UsedIn" Val="simulation"/>
      </FileInfo>
    </File>
    <File Path="$PSRCDIR/sources_1/new/decod7s.vhd">
      <FileInfo>
        <Attr Name="UsedIn" Val="synthesis"/>
        <Attr Name="UsedIn" Val="simulation"/>
      </FileInfo>
    </File>
    <File Path="$PSRCDIR/sources_1/new/en_4_clycles.vhd">
      <FileInfo>
        <Attr Name="UsedIn" Val="synthesis"/>
        <Attr Name="UsedIn" Val="simulation"/>
      </FileInfo>
    </File>
    <File Path="$PSRCDIR/sources_1/new/fir_filter.vhd">
      <FileInfo>
        <Attr Name="UsedIn" Val="synthesis"/>
        <Attr Name="UsedIn" Val="simulation"/>
      </FileInfo>
    </File>
    <File Path="$PSRCDIR/sources_1/new/MUX.vhd">
      <FileInfo SFType="VHDL2008">
        <Attr Name="UsedIn" Val="synthesis"/>
        <Attr Name="UsedIn" Val="simulation"/>
      </FileInfo>
    </File>
    <File Path="$PSRCDIR/sources_1/new/controlador.vhd">
      <FileInfo>
        <Attr Name="UsedIn" Val="synthesis"/>
        <Attr Name="UsedIn" Val="simulation"/>
      </FileInfo>
    </File>
    <Config>
      <Option Name="DesignMode" Val="RTL"/>
      <Option Name="TopModule" Val="controlador"/>
      <Option Name="TopAutoSet" Val="TRUE"/>
    </Config>
  </FileSet>
  <FileSet Name="constrs_in" Type="Constrs" RelSrcDir="$PSRCDIR/constrs_1">
    <Filter Type="Constrs"/>
    <File Path="$PSRCDIR/constrains/Nexys4DDR_Master.xdc">
      <FileInfo>
        <Attr Name="UsedIn" Val="synthesis"/>
        <Attr Name="UsedIn" Val="implementation"/>
      </FileInfo>
    </File>
    <Config>
      <Option Name="ConstrsType" Val="XDC"/>
    </Config>
  </FileSet>
  <Strategy Version="1" Minor="2">
    <StratHandle Name="Vivado Implementation Defaults" Flow="Vivado Implementation 2017"/>
    <Step Id="init_design"/>
    <Step Id="opt_design"/>
    <Step Id="power_opt_design"/>
    <Step Id="place_design"/>
    <Step Id="post_place_power_opt_design"/>
    <Step Id="phys_opt_design"/>
    <Step Id="route_design"/>
    <Step Id="post_route_phys_opt_design"/>
    <Step Id="write_bitstream"/>
  </Strategy>
  <BlockFileSet Type="BlockSrcs" Name="blk_mem_gen_0"/>
</GenRun>
